r,obs,theo,lo,hi
0,0,0,0,0
42.83423809461899,348.0093418918537,42.83423809461899,28.908855651958557,54.94673258342195
85.66847618923798,523.6316616264887,85.66847618923798,66.07416794298099,95.3030624266793
128.50271428385696,676.9350362184513,128.50271428385696,114.1808310867026,147.44115151884338
171.33695237847596,827.6151088488456,171.33695237847596,158.71055741181186,187.4540671449226
214.17119047309495,968.5886453053982,214.17119047309495,197.63767920633055,225.82832997043351
257.0054285677139,1097.1696910677406,257.0054285677139,242.4787439057116,267.74473759246445
299.83966666233295,1218.4044430406516,299.83966666233295,283.7992838848299,309.93382008651093
342.6739047569519,1338.1127165926644,342.6739047569519,326.4341068011849,353.8339351174896
385.5081428515709,1450.764495289709,385.5081428515709,374.01187365920504,393.7739967669634
428.3423809461899,1565.7640227886864,428.3423809461899,414.6503055403813,437.35971753690563
471.1766190408089,1681.6009093924522,471.1766190408089,455.2983604154178,477.4635524880474
514.0108571354278,1790.3525124074383,514.0108571354278,502.90572935099,522.7613509866102
556.8450952300468,1891.6312595780514,556.8450952300468,544.8750307217451,565.41406872483
599.6793333246659,1994.846978747235,599.6793333246659,586.0570318261474,608.1227639083107
642.5135714192849,2089.3038625060753,642.5135714192849,628.1050756980839,652.4420939025488
685.3478095139038,2184.7941879646437,685.3478095139038,674.1805662477705,695.2497697064755
728.1820476085228,2277.3025177139316,728.1820476085228,715.7769232800723,736.6548510947545
771.0162857031418,2370.945527545128,771.0162857031418,756.5696829002076,780.2432501536259
813.8505237977608,2456.440276965708,813.8505237977608,799.4651265939945,824.298232263389
856.6847618923798,2540.4952808579387,856.6847618923798,839.8774851942239,865.2616238692757
899.5189999869988,2622.0744126691898,899.5189999869988,882.0649841160803,909.0470153964758
942.3532380816177,2705.867068716487,942.3532380816177,925.5519019418138,953.4096621622809
985.1874761762367,2785.5238138583295,985.1874761762367,970.172247617732,992.8595952872166
1028.0217142708557,2861.433763347899,1028.0217142708557,1013.6288774598466,1037.715588079405
1070.8559523654746,2934.8913223460677,1070.8559523654746,1056.4543529821447,1080.5898645505504
1113.6901904600936,3022.7087701296,1113.6901904600936,1101.6431804467886,1122.807174204697
1156.5244285547128,3096.0030537330313,1156.5244285547128,1146.3059239408349,1165.1095004722947
1199.3586666493318,3165.14170561956,1199.3586666493318,1187.6972471734584,1206.117375773669
1242.1929047439507,3235.1456289943744,1242.1929047439507,1231.3343382218538,1249.758682795922
1285.0271428385697,3306.9844616048695,1285.0271428385697,1274.052128461603,1294.2198238346352
1327.8613809331887,3376.5124129883666,1327.8613809331885,1317.22160280637,1336.0533721478075
1370.6956190278077,3442.7397583192633,1370.6956190278077,1359.1747526826193,1379.8498062095734
1413.5298571224266,3508.921199431816,1413.5298571224266,1400.56758586772,1423.5681294691542
1456.3640952170456,3573.790817976603,1456.3640952170456,1443.739241340541,1465.8890549091536
1499.1983333116646,3634.856110810948,1499.1983333116646,1486.35495136661,1509.8107341393522
1542.0325714062835,3698.8274824280697,1542.0325714062835,1529.866885999382,1553.4108311661662
1584.8668095009025,3766.173737935295,1584.8668095009025,1572.300001863285,1595.530943927026
1627.7010475955217,3826.5486503181887,1627.7010475955217,1614.6738403750858,1638.6982636612183
1670.5352856901407,3883.680733359226,1670.5352856901407,1655.2692266528263,1680.230786535291
1713.3695237847596,3940.0674582711117,1713.3695237847596,1700.079515911636,1723.1002501671196
1756.2037618793786,3994.9814967115153,1756.2037618793784,1742.3601522895206,1764.335194307868
1799.0379999739976,4053.836709399761,1799.0379999739976,1785.4649518491515,1809.6586839397303
1841.8722380686165,4109.235504210467,1841.8722380686165,1828.107017019934,1850.9121355959305
1884.7064761632355,4165.520254013422,1884.7064761632355,1872.6918018640092,1894.4124208066369
1927.5407142578545,4220.453493681432,1927.5407142578545,1914.3263166247639,1938.627290877018
1970.3749523524734,4271.950235014017,1970.3749523524734,1955.923984978689,1980.7220304648863
2013.2091904470924,4322.846152508487,2013.2091904470924,1999.8816005845174,2023.3902217619482
2056.0434285417114,4374.690754728514,2056.0434285417114,2041.9311514074247,2066.0111362490625
2098.8776666363306,4426.5125570241635,2098.8776666363306,2082.7818633270604,2107.86756177321
2141.7119047309493,4476.973144812251,2141.7119047309493,2125.9743030206723,2150.006294265277
2184.5461428255685,4526.605254061368,2184.5461428255685,2168.447796618897,2192.9108002522285
2227.3803809201872,4580.953421856901,2227.3803809201872,2213.4595405054956,2234.687996779721
2270.2146190148064,4631.244110367498,2270.2146190148064,2256.7423399635513,2277.1439286766
2313.0488571094256,4680.0872860599175,2313.0488571094256,2299.7846108556814,2321.0478530235173
2355.8830952040444,4727.400071445514,2355.8830952040444,2342.077564921936,2364.6737789302574
2398.7173332986636,4773.978900950485,2398.7173332986636,2386.1806206203137,2407.0712103328074
2441.5515713932823,4819.515020768329,2441.5515713932823,2428.2075368256965,2449.6235214536796
2484.3858094879015,4874.7903413005,2484.3858094879015,2472.6255582588683,2493.667600552797
2527.2200475825202,4919.651145688295,2527.2200475825202,2516.372995066726,2536.0187871292915
2570.0542856771394,4964.328523645156,2570.0542856771394,2559.6427076810396,2579.0044193147314
2612.888523771758,5009.578414706761,2612.888523771758,2603.0377601428027,2621.0980613282914
2655.7227618663774,5054.40686177903,2655.722761866377,2644.955716349666,2664.9005073370113
2698.556999960996,5099.658116732379,2698.556999960996,2686.955300375867,2707.8790300325986
2741.3912380556153,5142.7824028547475,2741.3912380556153,2729.4868914382987,2752.2809758136723
2784.2254761502345,5186.066556258597,2784.2254761502345,2772.0591842420317,2796.6303150245712
2827.0597142448532,5227.85241483979,2827.0597142448532,2813.8820291656602,2838.4090278365056
2869.8939523394724,5270.544022861483,2869.8939523394724,2855.8770095976943,2882.0916019520278
2912.728190434091,5312.803286882109,2912.728190434091,2899.844818714907,2923.5102417475837
2955.5624285287104,5354.989929313146,2955.5624285287104,2942.816929609377,2966.183434183685
2998.396666623329,5395.66760660286,2998.396666623329,2985.6415513851625,3010.6584064098683
3041.2309047179483,5436.978332526811,3041.2309047179483,3027.2457675797027,3054.6624828861836
3084.065142812567,5479.127190774066,3084.065142812567,3070.346684797365,3095.29413160948
3126.8993809071862,5523.328068371515,3126.8993809071862,3112.861938387805,3138.8089108085214
3169.733619001805,5566.0390247829055,3169.733619001805,3155.2336713758496,3183.2459688961126
3212.567857096424,5607.525386870747,3212.567857096424,3197.292118350462,3226.1494133759143
3255.4020951910434,5648.170561632933,3255.4020951910434,3241.6194165022143,3268.200573333546
3298.236333285662,5689.216364301874,3298.236333285662,3283.621141966187,3311.808979528076
3341.0705713802813,5732.351570714832,3341.0705713802813,3326.8261874398845,3356.5854588118923
3383.9048094749,5773.6636485941,3383.9048094749,3369.872785263464,3397.6183283910223
3426.7390475695192,5814.237965292724,3426.7390475695192,3412.7635589884044,3439.2614032124575
3469.573285664138,5854.993409344661,3469.5732856641375,3454.8909684214123,3482.749412968318
3512.407523758757,5901.8858261032265,3512.4075237587567,3499.225287354634,3526.0051276775007
3555.241761853376,5942.439927835045,3555.241761853376,3542.543744038453,3570.2397564557828
3598.075999947995,5980.337457214556,3598.075999947995,3584.739699314652,3611.8599640483308
3640.910238042614,6019.285878695155,3640.9102380426143,3627.901473123189,3656.104370417888
3683.744476137233,6058.216150129851,3683.744476137233,3670.1485633176007,3698.690139990293
3726.5787142318522,6095.732923886197,3726.5787142318522,3712.1942297351357,3741.2074444105106
3769.412952326471,6135.159810297205,3769.412952326471,3756.738276922813,3785.3200118808654
3812.24719042109,6174.012350880569,3812.24719042109,3798.3460716682434,3827.0886131785614
3855.081428515709,6212.061230895297,3855.081428515709,3841.273297857144,3869.228499618004
3897.915666610328,6251.009731327422,3897.9156666103277,3884.1638192441674,3912.5663188465323
3940.749904704947,6288.0529637841155,3940.749904704947,3926.2068225487383,3956.357391921441
3983.584142799566,6331.605384019401,3983.584142799566,3968.923562833581,4001.9871305637716
4026.418380894185,6371.278680412446,4026.418380894185,4011.7424357852797,4045.564507133271
4069.252618988804,6409.106767329725,4069.252618988804,4053.0694834864694,4088.7733781951065
4112.086857083423,6446.39467608523,4112.086857083423,4095.5823079173565,4132.831002043504
4154.921095178042,6484.667251579601,4154.921095178042,4138.372314975501,4175.564399264972
4197.755333272661,6522.792772970076,4197.755333272661,4181.757636518043,4218.128392945118
4240.58957136728,6559.342496188031,4240.58957136728,4225.672534401124,4260.8263326117985
4283.423809461899,6596.101909382525,4283.423809461899,4267.366804082678,4302.469435900285
4326.258047556518,6632.902805378396,4326.258047556518,4310.343266072569,4345.20727173006
4369.092285651137,6669.283124792198,4369.092285651137,4354.036538469939,4387.420340865503
4411.926523745756,6707.281776939142,4411.926523745756,4396.506672853956,4431.700345843965
4454.7607618403745,6746.3554515566975,4454.7607618403745,4436.541499335326,4475.985656597463
4497.594999934994,6784.675781082119,4497.594999934994,4479.984087901715,4519.412125220696
4540.429238029613,6821.984456508496,4540.429238029613,4524.859127353562,4561.019838351638
4583.263476124232,6864.8339597605855,4583.263476124232,4568.883192181199,4604.196079322342
4626.097714218851,6902.100536309288,4626.097714218851,4612.478846129632,4646.794891606217
4668.93195231347,6939.79287653659,4668.93195231347,4653.352557496517,4691.735846510174
4711.766190408089,6979.569328053932,4711.766190408089,4696.451262550921,4733.585454013089
4754.6004285027075,7017.909316636698,4754.6004285027075,4741.085237856903,4776.308363397779
4797.434666597327,7054.486136004255,4797.434666597327,4783.825346363198,4818.533064367398
4840.268904691946,7091.400339223597,4840.268904691946,4827.410354529715,4860.246303791658
4883.103142786565,7127.334615611986,4883.103142786565,4869.209852202572,4904.114352919961
4925.937380881183,7164.526179769286,4925.937380881184,4912.219090079734,4948.2054086422995
4968.771618975803,7206.554536678597,4968.771618975803,4953.6616184090535,4990.886198772398
5011.605857070422,7242.109575854154,5011.605857070422,4995.2458316472585,5032.938285047229
5054.4400951650405,7280.137936785993,5054.4400951650405,5038.0194667082915,5074.332262633517
5097.27433325966,7317.235870339223,5097.27433325966,5080.172714220594,5116.324909196073
5140.108571354279,7354.018815302299,5140.108571354279,5124.962144986684,5159.803640554937
5182.942809448898,7390.8806345238745,5182.942809448898,5168.590424270866,5201.206443215669
5225.777047543516,7429.754433687087,5225.777047543516,5210.086115777871,5243.516748302724
5268.611285638136,7468.25125838114,5268.611285638136,5252.40371474974,5287.765008432642
5311.445523732755,7506.946468051899,5311.445523732754,5296.798566156186,5331.517736611164
5354.2797618273735,7545.6208815186,5354.2797618273735,5339.171761289637,5373.205554383922
5397.113999921992,7584.186401466013,5397.113999921992,5379.866309967067,5415.155727800094
5439.948238016612,7621.129198401888,5439.948238016612,5422.004058331942,5458.78707751228
5482.782476111231,7657.603034131529,5482.782476111231,5466.349653896817,5500.698312595745
5525.616714205849,7702.960327531052,5525.616714205849,5508.295103916394,5542.436277579031
5568.450952300469,7741.903726033707,5568.450952300469,5552.1551827934845,5584.399058228749
5611.285190395088,7778.869656564585,5611.285190395088,5595.986846547789,5626.598942267777
5654.1194284897065,7822.185616845305,5654.1194284897065,5639.3092601843855,5669.197188151795
5696.953666584325,7859.0983033488865,5696.953666584325,5682.611415989484,5710.276278215349
5739.787904678945,7896.636953847221,5739.787904678945,5727.22362222675,5754.164608879719
5782.622142773564,7933.3605042835325,5782.622142773564,5770.049292102734,5796.869452707158
5825.456380868182,7971.385842210937,5825.456380868182,5812.650439772823,5840.898683421516
5868.290618962801,8008.675871503033,5868.290618962801,5855.931441075388,5884.158197421088
5911.124857057421,8045.610916454616,5911.124857057421,5899.170114744372,5927.201779226413
5953.9590951520395,8086.781292408882,5953.9590951520395,5942.098411416974,5969.896215410435
5996.793333246658,8123.730350745226,5996.793333246658,5985.340071431695,6013.543493063239
6039.627571341278,8161.193635490996,6039.627571341278,6027.284990279927,6057.924062390743
6082.461809435897,8198.857533105785,6082.461809435897,6069.969357299055,6101.773702050278
6125.296047530515,8236.229384339342,6125.296047530515,6112.957884067236,6145.40935829944
6168.130285625134,8272.499873809857,6168.130285625134,6155.595908891889,6188.86518919234
6210.964523719754,8311.160622482785,6210.964523719754,6198.448514380278,6232.578592593898
6253.7987618143725,8350.688853635436,6253.7987618143725,6241.179103902874,6276.293439921306
6296.632999908991,8387.84683933562,6296.632999908991,6284.720100545771,6319.098518592144
6339.46723800361,8427.071109387733,6339.46723800361,6328.293862987863,6361.669784016938
6382.30147609823,8465.294695768516,6382.30147609823,6369.988202872168,6405.767900856799
6425.135714192848,8503.210319237298,6425.135714192848,6412.862941696429,6448.110284965651
6467.969952287467,8545.705833289876,6467.969952287467,6456.177418775378,6489.6832453015695
6510.804190382087,8583.367515595315,6510.804190382087,6499.642587259711,6531.840384674151
6553.6384284767055,8621.177708129308,6553.6384284767055,6542.401180405865,6574.390929062813
6596.472666571324,8659.386082385528,6596.472666571324,6584.603005669035,6616.800861363638
6639.306904665943,8699.371781987122,6639.306904665944,6628.117383060275,6659.965320891368
6682.141142760563,8737.929795589105,6682.141142760563,6671.799948318275,6702.463050275408
6724.975380855181,8777.190905450121,6724.975380855181,6714.904128131576,6744.956652899667
6767.8096189498,8818.703015458123,6767.8096189498,6758.495578385267,6788.264148049061
6810.643857044419,8857.823232931876,6810.643857044419,6801.539448272766,6831.705742896074
6853.4780951390385,8896.414565699999,6853.4780951390385,6843.689969669238,6874.776693476526
6896.312333233657,8934.383464093238,6896.312333233657,6885.257837032763,6916.960846556366
6939.146571328276,8972.015619923526,6939.146571328275,6928.4364546316165,6960.4415989906065
6981.980809422896,9010.916198301906,6981.980809422896,6970.690014257216,7004.523872537917
7024.815047517514,9050.088783632293,7024.815047517513,7013.786104599864,7047.863115936168
7067.649285612133,9086.376445110654,7067.649285612133,7057.21817529106,7091.97466012929
7110.483523706752,9126.568078890577,7110.483523706752,7100.412560693836,7134.77161395972
7153.3177618013715,9163.18589650082,7153.3177618013715,7142.892906456821,7177.512309144364
7196.15199989599,9199.016425133148,7196.15199989599,7185.265998449634,7220.197220950395
7238.986237990609,9235.644771853604,7238.986237990609,7226.835751205641,7264.050153007191
7281.820476085228,9272.976205195453,7281.820476085229,7270.112634457186,7307.0543182142665
7324.654714179847,9309.82587859319,7324.654714179847,7311.87351938151,7349.726024341915
7367.488952274466,9347.272246911429,7367.488952274466,7354.035523392247,7391.9203882553065
7410.323190369085,9385.57090240256,7410.323190369085,7398.559933030822,7435.53508644324
7453.1574284637045,9423.764503851602,7453.1574284637045,7442.132820345051,7479.285101051136
7495.991666558323,9460.307069214672,7495.991666558323,7484.4124878574185,7521.355799817253
7538.825904652942,9497.277145485754,7538.825904652942,7527.043854089802,7565.1412725291275
7581.660142747561,9534.715558801776,7581.660142747561,7569.208196007895,7609.03997796296
7624.49438084218,9571.677220988282,7624.49438084218,7612.721734840023,7651.713063680417
7667.328618936799,9609.121902446162,7667.328618936799,7654.147532594476,7694.5477137071275
7710.162857031418,9646.40057529473,7710.162857031418,7696.6933377302,7738.006692997233
7752.997095126037,9685.879961162145,7752.997095126037,7739.502340611118,7782.117087051857
7795.831333220656,9723.944645138163,7795.831333220655,7782.82893543701,7824.665599552768
7838.665571315275,9766.750588928788,7838.665571315276,7825.398631688111,7867.7020489653505
7881.499809409894,9803.348154903655,7881.499809409894,7867.5824858951155,7911.244295972322
7924.334047504513,9840.920489672853,7924.334047504513,7909.917847360563,7954.283843656763
7967.168285599132,9880.464749020899,7967.168285599132,7952.888809857775,7996.943495914524
8010.002523693751,9919.399584037883,8010.002523693751,7995.7695882026765,8038.58965104449
8052.83676178837,9960.873262291265,8052.83676178837,8038.0297080688515,8082.241279025693
8095.670999882989,9998.229413984247,8095.670999882989,8080.374318822448,8125.508863155257
8138.505237977608,10036.090497956884,8138.505237977608,8123.512074089253,8168.571740227119
8181.339476072227,10074.535172333468,8181.339476072228,8165.914344179543,8210.387172557499
8224.173714166845,10114.22377082196,8224.173714166845,8209.781975666752,8254.377979277846
8267.007952261465,10153.893789842741,8267.007952261465,8252.069294393646,8298.013785081881
8309.842190356085,10193.823633633981,8309.842190356085,8296.037952904828,8339.990901412917
8352.676428450703,10233.004793742582,8352.676428450703,8338.751927993855,8383.370560810703
8395.510666545322,10272.692852962296,8395.510666545322,8380.760912102965,8425.612214579622
8438.34490463994,10316.224872039998,8438.34490463994,8423.130140056168,8467.855180011147
8481.17914273456,10355.59941515377,8481.17914273456,8465.985290619583,8509.67439710778
8524.01338082918,10396.267244008148,8524.01338082918,8508.420046887677,8552.725159012401
8566.847618923797,10435.58992310714,8566.847618923797,8552.135963167713,8595.8704323799775
8609.681857018417,10475.433561863296,8609.681857018417,8594.539912646362,8639.478305159832
8652.5160951130365,10518.632179764052,8652.5160951130365,8637.639178619502,8682.220457424039
8695.350333207654,10559.567470006417,8695.350333207654,8680.770825906322,8725.481351958491
8738.184571302274,10599.853373806987,8738.184571302274,8722.464394109746,8768.439891691352
8781.018809396894,10640.201039134901,8781.018809396894,8765.284362010274,8810.497328186646
8823.853047491511,10681.055928957536,8823.853047491511,8808.06605340912,8853.715167318811
8866.687285586131,10722.701284040104,8866.687285586131,8850.115831506748,8897.282176406245
8909.521523680749,10766.43698556817,8909.521523680749,8893.248945079791,8939.523934653125
8952.355761775369,10806.957878284164,8952.355761775369,8934.975204883143,8983.15901088218
8995.189999869988,10846.44913557435,8995.189999869988,8978.045104443774,9027.053811803806
9038.024237964606,10886.544845777624,9038.024237964606,9020.97523444828,9068.358577206283
9080.858476059226,10925.484259483159,9080.858476059226,9063.696756861984,9110.610194653347
9123.692714153845,10967.952614666618,9123.692714153845,9106.568660678799,9153.482923656766
9166.526952248463,11007.797373732581,9166.526952248463,9149.307005681118,9196.114549753516
9209.361190343083,11046.058305716746,9209.361190343083,9192.79783066982,9237.79206866268
9252.195428437703,11085.330442798719,9252.195428437703,9235.095497481554,9280.36724031309
9295.02966653232,11124.581536679832,9295.02966653232,9277.645488900764,9322.350714985125
9337.86390462694,11162.807074902003,9337.86390462694,9319.8774428699,9365.925596265886
9380.698142721558,11203.897599692087,9380.698142721558,9363.563759401628,9408.55629421114
9423.532380816177,11243.408536868053,9423.532380816177,9405.720079325543,9450.902785563549
9466.366618910797,11284.665813581078,9466.366618910797,9448.989852702449,9494.664921188336
9509.200857005415,11326.122484316375,9509.200857005415,9491.70515798522,9537.765526035731
9552.035095100035,11364.956262672244,9552.035095100035,9535.537783151862,9580.948497589072
9594.869333194654,11405.080347924599,9594.869333194654,9577.519457143519,9622.964118871969
9637.703571289272,11445.382275424832,9637.703571289272,9620.245424684785,9666.138108386102
9680.537809383892,11485.496677557578,9680.537809383892,9662.449807372344,9709.408286711097
9723.372047478511,11525.534292896804,9723.372047478511,9706.34332347192,9752.929189488796
9766.20628557313,11565.026667706456,9766.20628557313,9749.282067041106,9796.662684321323
9809.040523667749,11605.947582083109,9809.040523667749,9793.2579202504,9840.708482973696
9851.874761762367,11647.373995570573,9851.874761762369,9836.161939995638,9884.30799248995
9894.708999856986,11690.309177197454,9894.708999856986,9879.134968200666,9928.043156646241
9937.543237951606,11730.430683239663,9937.543237951606,9923.299457689973,9970.393653952091
9980.377476046224,11771.828929478543,9980.377476046224,9966.777478251432,10013.993715779996
10023.211714140843,11814.861762181392,10023.211714140843,10009.724085003098,10057.169791047847
10066.045952235463,11855.495665810296,10066.045952235463,10052.67451985004,10100.406713129398
10108.880190330081,11897.274447324788,10108.880190330081,10094.754798987162,10143.576877555759
10151.7144284247,11939.525298184937,10151.7144284247,10136.933600786466,10186.5235702881
10194.54866651932,11987.368531685286,10194.54866651932,10181.330400557885,10228.607575626605
10237.382904613938,12027.374298010262,10237.382904613938,10224.232606542373,10271.65336920654
10280.217142708558,12068.107678189057,10280.217142708558,10267.927106782436,10313.794850850292
10323.051380803176,12109.575903547373,10323.051380803176,10311.219141967471,10356.353608334188
10365.885618897795,12149.677287977973,10365.885618897795,10354.562725983431,10400.121475587037
10408.719856992415,12190.363003179733,10408.719856992415,10396.608121095745,10443.428143015297
10451.554095087033,12234.436291701097,10451.554095087033,10439.653348864387,10485.570846464754
10494.388333181652,12276.336731667418,10494.388333181652,10481.798059511313,10527.716262976382
10537.222571276272,12317.32661326502,10537.222571276272,10524.593239781385,10571.904341174966
10580.05680937089,12357.590170173875,10580.05680937089,10566.966908191418,10614.68331765349
10622.89104746551,12398.62595887208,10622.891047465508,10610.103036531395,10657.175899210766
10665.72528556013,12439.455786157696,10665.72528556013,10652.945706877152,10700.74526402549
10708.559523654747,12480.436521003425,10708.559523654747,10696.274764126632,10743.337337949233
10751.393761749367,12523.015339485073,10751.393761749367,10739.694187656736,10785.703536361392
10794.227999843984,12565.097337407311,10794.227999843984,10782.127679493395,10829.783725710024
10837.062237938604,12608.844302274283,10837.062237938604,10824.556304353471,10873.464436376691
10879.896476033224,12652.98027831995,10879.896476033224,10867.938225399932,10916.939700432156
10922.730714127842,12697.597560667473,10922.730714127842,10910.402303487317,10960.28547739698
10965.564952222461,12741.554170272257,10965.564952222461,10952.55259425539,11004.487533548325
11008.39919031708,12785.834164773963,11008.39919031708,10995.181626780222,11046.940232589859
11051.233428411699,12833.77426266044,11051.233428411699,11038.628084484028,11089.713243595213
11094.067666506318,12880.29316190285,11094.067666506318,11081.726368242675,11132.037984340383
11136.901904600938,12925.72997496387,11136.901904600938,11124.175194175818,11174.371788046292
11179.736142695556,12969.958984538725,11179.736142695556,11167.198602627073,11217.041291087735
11222.570380790175,13013.975166965874,11222.570380790175,11209.63208092324,11259.616387341654
11265.404618884793,13060.931213985996,11265.404618884793,11252.242659383412,11302.758972398835
11308.238856979413,13106.603454633667,11308.238856979413,11295.057987687644,11347.018278010355
11351.073095074033,13151.789156368008,11351.073095074033,11338.326284655943,11388.766317480688
11393.90733316865,13199.293372578504,11393.90733316865,11380.355562370913,11432.420040072862
11436.74157126327,13243.884122967747,11436.74157126327,11423.139863503286,11476.061456196207
11479.57580935789,13288.842813518075,11479.57580935789,11465.1158400131,11519.288999781395
11522.410047452508,13336.52042682818,11522.410047452506,11507.845139336396,11561.27034944647
11565.244285547127,13384.48584077757,11565.244285547127,11549.910704704122,11603.378080580642
11608.078523641747,13432.1560671638,11608.078523641747,11593.513264624004,11646.873026757465
11650.912761736365,13478.543079657231,11650.912761736365,11636.726271681075,11689.715355047674
11693.746999830984,13525.511132361586,11693.746999830984,11679.257876163669,11731.87944307327
11736.581237925602,13571.556989324548,11736.581237925602,11721.48985988912,11774.506191454646
11779.415476020222,13619.713354743415,11779.415476020222,11764.233892244501,11816.401639386248
11822.249714114841,13665.018507860992,11822.249714114841,11806.182302526622,11859.713455533965
11865.08395220946,13710.104971748067,11865.08395220946,11848.804682053937,11903.318043505675
11907.918190304079,13757.260609667968,11907.918190304079,11891.468865638637,11946.370849238207
11950.752428398699,13804.408471082921,11950.752428398699,11934.444606612034,11988.78330975025
11993.586666493316,13849.807484642115,11993.586666493316,11977.82407723297,12031.139242083449
12036.420904587936,13895.214004468138,12036.420904587936,12021.548819458298,12074.118403359536
12079.255142682556,13939.966102002601,12079.255142682556,12063.775927887576,12116.870627779053
12122.089380777174,13984.776481195966,12122.089380777174,12106.506269135694,12158.535167920982
12164.923618871793,14028.59954792855,12164.923618871793,12149.009862635976,12201.228480880867
12207.757856966411,14074.133256947986,12207.757856966411,12191.143155527481,12244.279734167072
12250.59209506103,14120.138411360706,12250.59209506103,12234.948638662194,12286.979803138873
12293.42633315565,14164.707168537569,12293.42633315565,12277.362173945827,12329.393298710609
12336.260571250268,14211.251093802353,12336.260571250268,12319.377849504805,12373.129607734241
12379.094809344888,14260.922472828463,12379.094809344888,12362.688941540619,12416.292014354553
12421.929047439507,14306.026329518216,12421.929047439507,12405.532468231844,12460.162045157067
12464.763285534125,14352.152707274736,12464.763285534125,12446.964617372203,12502.738665565346
12507.597523628745,14399.622258621963,12507.597523628745,12489.779738762227,12546.190897041233
12550.431761723365,14443.390720431864,12550.431761723365,12532.169006384163,12589.78829389728
12593.265999817982,14490.0023524899,12593.265999817982,12575.010922391484,12632.217331548109
12636.100237912602,14536.326948058802,12636.100237912602,12616.56719953178,12676.012686728394
12678.93447600722,14581.986354453875,12678.93447600722,12658.468354082572,12718.867527399902
12721.76871410184,14626.97888916458,12721.76871410184,12700.834574850776,12760.599775270324
12764.60295219646,14671.109581433335,12764.60295219646,12744.079158908358,12803.878579309427
12807.437190291077,14716.274846223268,12807.437190291077,12786.802847873676,12846.039155298711
12850.271428385697,14760.822998986732,12850.271428385697,12829.254145670277,12888.462276619775
12893.105666480316,14808.702301697002,12893.105666480316,12871.912637459174,12932.458893874204
12935.939904574934,14854.233820272037,12935.939904574934,12913.596551764533,12974.990959441235
12978.774142669554,14900.305150617594,12978.774142669554,12956.786255680083,13017.955112499885
13021.608380764173,14945.568462424199,13021.608380764173,12999.977943734002,13061.860064542212
13064.442618858791,14990.365354136316,13064.442618858791,13043.536730778433,13103.299542996094
13107.276856953411,15035.275865707328,13107.276856953411,13086.10719342917,13145.960964163129
13150.111095048029,15079.807442299898,13150.111095048029,13128.53472011154,13188.346501721624
13192.945333142648,15123.278023004257,13192.945333142648,13171.222534746956,13232.55589940208
13235.779571237268,15167.448363663972,13235.779571237268,13213.910975278286,13274.4509296785
13278.613809331886,15212.937339892069,13278.613809331888,13256.079701741333,13317.617267938309
13321.448047426506,15261.488522481708,13321.448047426506,13298.963250934688,13360.268649598003
13364.282285521125,15308.536230176544,13364.282285521125,13341.742436983566,13402.315325620793
13407.116523615743,15353.708988640283,13407.116523615743,13384.663479489442,13444.932908268647
13449.950761710363,15399.507254340511,13449.950761710363,13426.962829542075,13488.226291556319
13492.784999804982,15448.118219934917,13492.784999804982,13470.891354795705,13530.697992660984
13535.6192378996,15493.561858835485,13535.6192378996,13513.190927425188,13572.658617938034
13578.45347599422,15539.332067618185,13578.45347599422,13555.558126867832,13615.153317837394
13621.287714088838,15584.035727161327,13621.287714088838,13598.820751690522,13658.292060587404
13664.121952183457,15631.853711655065,13664.121952183457,13641.436459799965,13701.336990554797
13706.956190278077,15677.806432696712,13706.956190278077,13684.791073844843,13744.226788721719
13749.790428372695,15724.204701714205,13749.790428372695,13727.786447092014,13787.3789854508
13792.624666467314,15771.51699563113,13792.624666467314,13770.32923708487,13831.081585338987
13835.458904561934,15818.729032338417,13835.458904561934,13812.664091237388,13873.648890119579
13878.293142656552,15865.760843756165,13878.29314265655,13855.98086924133,13916.123134439624
13921.127380751172,15911.695554434149,13921.127380751172,13899.323468924807,13957.807116559978
13963.961618845791,15959.088184642307,13963.961618845791,13942.625333576516,14000.416454407223
14006.795856940409,16006.62952357322,14006.795856940409,13985.136682958895,14044.482075894024
14049.630095035029,16054.165159417973,14049.630095035027,14028.601577555484,14087.98074215304
14092.464333129647,16101.922029043419,14092.464333129647,14071.299218590872,14131.917259598718
14135.298571224266,16150.074734308726,14135.298571224266,14114.552890335237,14174.645187734292
14178.132809318886,16198.822826127134,14178.132809318888,14156.422615085019,14218.21315748171
14220.967047413504,16245.688502611174,14220.967047413504,14199.469824739901,14261.591468206258
14263.801285508123,16292.60844945163,14263.801285508123,14242.177341537654,14303.681551564501
14306.635523602743,16338.55622294694,14306.635523602743,14284.955556582818,14345.745806195358
14349.46976169736,16385.94155598173,14349.46976169736,14327.21226984427,14387.873436143276
14392.30399979198,16435.72423816759,14392.30399979198,14370.341718425472,14430.22848226845
14435.1382378866,16482.655380657252,14435.138237886602,14412.555504228249,14472.836410568854
14477.972475981218,16527.136318236313,14477.972475981218,14454.20888444113,14516.5825900909
14520.806714075838,16573.28662696368,14520.806714075838,14496.674854975761,14559.73914791775
14563.640952170455,16620.602284025168,14563.640952170457,14539.190680396252,14602.930502819334
14606.475190265075,16665.664991063542,14606.475190265075,14582.51885757285,14645.299935363964
14649.309428359695,16710.992149291353,14649.309428359695,14625.976040625841,14688.090839598715
14692.143666454313,16755.358174036446,14692.143666454313,14669.573510324863,14730.487867540392
14734.977904548932,16801.777293411884,14734.977904548932,14712.24538957336,14773.598979586417
14777.812142643552,16847.018739179006,14777.812142643552,14755.200288491134,14817.722246393605
14820.64638073817,16892.580857030105,14820.64638073817,14798.293524761764,14860.073167533348
14863.48061883279,16940.870002706022,14863.48061883279,14839.785335069917,14903.112467066905
14906.314856927409,16986.387120128686,14906.314856927409,14881.533991856952,14944.930297664325
14949.149095022027,17031.730788909703,14949.149095022027,14923.763255762882,14987.810719809506
14991.983333116646,17076.410019652183,14991.983333116646,14966.560291745258,15030.305386332207
15034.817571211264,17123.031311808765,15034.817571211264,15008.7785615677,15071.773167825319
15077.651809305884,17168.149386081423,15077.651809305884,15052.466005484717,15114.815032156559
15120.486047400504,17212.564751738977,15120.486047400504,15095.968978233162,15157.388460815468
15163.320285495121,17256.679064910277,15163.320285495121,15138.420092356728,15199.440295092256
15206.154523589741,17300.47745039718,15206.154523589741,15180.921838479819,15242.710889741076
15248.98876168436,17345.472955928777,15248.98876168436,15223.120366235584,15286.243643583728
15291.822999778979,17389.952582012727,15291.822999778979,15266.849112244554,15328.814982337402
15334.657237873598,17434.006147492782,15334.657237873598,15310.082823937437,15372.411660687418
15377.491475968218,17478.92092751242,15377.491475968218,15353.01333599998,15415.637898786661
15420.325714062836,17522.995419595085,15420.325714062836,15396.651802922835,15458.29148251597
15463.159952157455,17565.903441217124,15463.159952157455,15438.640918464103,15501.051394422138
15505.994190252073,17608.90422908468,15505.994190252073,15482.027952768598,15544.383146612041
15548.828428346693,17652.459791497582,15548.828428346693,15523.377250176292,15586.357028707742
15591.662666441312,17695.293711316943,15591.66266644131,15566.61085089951,15629.540756758232
15634.49690453593,17739.80193837654,15634.49690453593,15609.78334903583,15672.537433670715
15677.33114263055,17782.74053651505,15677.331142630552,15653.08964687801,15715.07483533971
15720.16538072517,17827.092120476864,15720.16538072517,15695.497166783001,15757.741206623617
15762.999618819787,17869.602695714275,15762.999618819787,15737.821181951145,15800.057380535143
15805.833856914407,17912.99463696739,15805.833856914407,15781.324330786667,15842.220067529088
15848.668095009027,17957.575587844243,15848.668095009027,15823.880376325367,15885.740030108473
15891.502333103645,18000.639397820527,15891.502333103645,15866.554414890394,15928.124459334222
15934.336571198264,18043.82191345939,15934.336571198264,15909.187883012934,15971.115645628242
15977.170809292882,18085.835123432975,15977.170809292882,15951.15169580512,16014.840644177846
16020.005047387502,18127.788018629642,16020.005047387502,15993.642489773552,16057.31131368219
16062.839285482121,18171.01213372,16062.839285482121,16036.498055921493,16100.255263270037
16105.67352357674,18214.178791419246,16105.67352357674,16079.430068176849,16142.819491958102
16148.507761671359,18256.17944480083,16148.507761671357,16122.85246850277,16185.13240335512
16191.341999765978,18297.687352513556,16191.341999765978,16166.05977279057,16227.888684999325
16234.176237860596,18338.35397969677,16234.176237860596,16207.767488089812,16270.678104167035
16277.010475955216,18378.999390990295,16277.010475955216,16251.142569472,16313.41831817514
16319.844714049836,18420.88636627492,16319.844714049836,16294.196921382809,16356.47535940189
16362.678952144453,18462.287322922723,16362.678952144455,16336.225940994938,16399.848642746165
16405.51319023907,18502.58376807772,16405.51319023907,16378.145670090009,16442.933380634007
16448.34742833369,18545.35083213871,16448.34742833369,16421.99444264584,16485.34997116842
16491.18166642831,18585.86487206085,16491.18166642831,16466.15776245885,16528.75322364217
16534.01590452293,18625.96946667564,16534.01590452293,16508.94087548158,16571.971408190817
16576.85014261755,18668.283058001995,16576.85014261755,16551.346260944207,16614.786054597225
16619.68438071217,18710.368666101444,16619.68438071217,16593.56238065131,16657.322180132127
16662.518618806786,18752.063492460762,16662.518618806786,16636.722053287936,16700.799926705888
16705.352856901405,18793.210148893875,16705.352856901405,16679.628283504106,16743.428733238787
16748.187094996025,18833.782149863026,16748.187094996025,16722.746181020953,16786.172692792607
16791.021333090644,18873.59838481007,16791.021333090644,16765.266252323425,16828.611510511368
16833.855571185264,18914.987654193064,16833.855571185264,16807.891028072434,16871.66978296894
16876.68980927988,18957.156451739327,16876.68980927988,16850.006525650093,16914.88587127084
16919.5240473745,18997.50263221816,16919.5240473745,16892.73379207394,16958.49191943429
16962.35828546912,19036.420630281264,16962.35828546912,16934.549345809068,17000.858361222898
17005.19252356374,19075.88353677844,17005.19252356374,16977.34488739191,17043.561734430157
17048.02676165836,19115.45733243587,17048.02676165836,17019.661319288163,17086.835935402378
17090.86099975298,19154.541763390123,17090.86099975298,17061.851822517172,17129.85277223467
17133.695237847594,19194.01934760623,17133.695237847594,17104.987837321336,17172.457375621707
17176.529475942214,19233.00782554444,17176.529475942214,17147.502745817186,17216.03137555217
17219.363714036834,19272.469480318192,17219.363714036834,17190.11898287045,17258.537557187596
17262.197952131453,19313.184093920525,17262.197952131453,17232.92747854836,17301.470176416344
17305.032190226073,19353.32849717412,17305.032190226073,17275.519607602047,17345.396906126123
17347.86642832069,19391.446461363845,17347.86642832069,17318.56728380379,17387.923594037373
17390.70066641531,19429.636323620743,17390.70066641531,17361.201515258534,17432.05042807673
17433.53490450993,19468.859142541645,17433.53490450993,17404.29405635317,17475.451915914695
17476.369142604548,19509.530816361777,17476.369142604548,17445.79729018954,17517.993204764876
17519.203380699168,19549.17394375741,17519.203380699168,17490.461757388333,17561.323428966305
17562.037618793787,19589.815123707525,17562.037618793787,17533.697049155544,17603.697930734987
17604.871856888403,19629.261301106173,17604.871856888403,17575.794881956073,17646.690090435008
17647.706094983023,19668.455978508755,17647.706094983023,17618.437231117903,17689.259467150183
17690.540333077643,19708.049130554806,17690.540333077643,17660.725148100246,17731.83447713092
17733.374571172262,19748.5990641698,17733.374571172262,17704.284059692774,17775.651443599912
17776.208809266882,19787.337138363906,17776.208809266882,17747.007586666357,17819.153297233486
17819.043047361498,19828.18380959303,17819.043047361498,17790.566234295202,17861.963775900902
17861.877285456118,19869.58713329822,17861.877285456118,17834.16403770909,17905.359562967686
17904.711523550737,19908.869398339662,17904.711523550737,17877.077459424036,17948.406735806915
17947.545761645357,19948.013280772124,17947.545761645357,17920.312269563954,17992.07445396123
17990.379999739976,19989.419477135372,17990.379999739976,17962.59042607542,18035.800309952825
18033.214237834596,20028.838972380046,18033.214237834596,18005.22605412406,18079.380294161703
18076.048475929212,20067.808098508187,18076.048475929212,18048.32019625512,18122.370099704443
18118.88271402383,20108.95755171302,18118.88271402383,18090.390495259904,18165.19977876847
18161.71695211845,20149.082583014275,18161.71695211845,18134.25253487871,18208.13306546297
18204.55119021307,20189.947135786373,18204.55119021307,18176.631286099142,18250.890618664755
18247.38542830769,20230.414897170314,18247.38542830769,18219.14485655028,18293.732108385753
18290.219666402307,20270.867107122154,18290.219666402307,18262.574399295987,18336.94202778811
18333.053904496926,20312.6176774733,18333.053904496926,18305.03172006684,18379.862215512934
18375.888142591546,20354.23111753547,18375.888142591546,18347.596918606614,18423.33454017592
18418.722380686166,20395.28120774675,18418.722380686166,18391.269323071996,18466.47489253801
18461.556618780785,20436.64290758526,18461.556618780785,18433.45480912155,18509.682565372266
18504.390856875405,20479.195031083993,18504.390856875405,18476.496373978378,18551.882699660695
18547.22509497002,20521.784738657425,18547.22509497002,18518.967024601745,18594.949630849078
18590.05933306464,20564.337663748138,18590.05933306464,18562.20915286901,18638.518429381456
18632.89357115926,20606.061262062794,18632.89357115926,18604.82827199896,18681.033704012134
18675.72780925388,20647.585710536037,18675.72780925388,18647.422276043973,18724.557756563212
18718.5620473485,20690.012987479742,18718.5620473485,18689.784710955682,18767.7706243547
18761.396285443116,20735.214423667385,18761.396285443116,18732.711633323375,18810.478665731756
18804.230523537735,20780.573579396023,18804.230523537735,18775.42796596052,18853.108149240084
18847.064761632355,20824.447634004548,18847.064761632355,18817.534923831347,18897.017223008002
18889.898999726975,20868.361384337346,18889.898999726975,18860.546101461754,18939.742736881137
18932.733237821594,20910.514403133046,18932.733237821594,18903.283739086084,18982.550565589896
18975.567475916214,20952.652156872246,18975.567475916214,18945.18387899938,19026.15070444969
19018.40171401083,20995.92286164856,19018.40171401083,18987.87741942261,19068.80745163392
19061.23595210545,21039.66877894984,19061.23595210545,19030.331143023745,19111.788665762375
19104.07019020007,21083.70491972902,19104.07019020007,19073.71257198978,19154.40065777519
19146.90442829469,21125.350241761804,19146.90442829469,19116.850518098614,19197.13683857639
19189.73866638931,21168.305679439927,19189.73866638931,19158.845062858345,19239.264180264134
19232.572904483925,21211.293617577707,19232.572904483925,19202.063745652384,19282.422200896726
19275.407142578544,21255.632884957646,19275.407142578544,19244.530833443878,19325.012058303444
19318.241380673164,21300.379149426924,19318.241380673164,19287.80946520655,19367.856909891583
19361.075618767783,21344.591993215217,19361.075618767783,19329.87653326631,19412.125752431755
19403.909856862403,21387.813332254536,19403.909856862403,19372.98117740702,19455.003585315953
19446.744094957023,21430.32954027496,19446.744094957023,19416.311395748515,19498.898814918542
19489.57833305164,21474.07994644027,19489.57833305164,19459.189159072932,19541.93776704262
19532.41257114626,21518.431957699384,19532.41257114626,19502.072660330927,19584.827942761145
19575.246809240878,21563.012076869323,19575.246809240878,19544.55504934253,19627.93295641054
19618.081047335498,21607.207001694514,19618.081047335498,19587.294130481245,19672.180809899903
19660.915285430117,21651.291229689545,19660.915285430117,19629.681079806218,19714.906584356835
19703.749523524733,21696.15205483718,19703.749523524737,19672.301071284313,19756.87934272275
19746.583761619353,21741.307624057295,19746.583761619353,19715.27379290779,19799.364540791245
19789.417999713973,21786.620589831644,19789.417999713973,19756.782285477297,19842.897850084097
19832.252237808592,21831.533462755582,19832.252237808592,19799.296878221667,19886.181473669025
19875.086475903212,21876.758586076587,19875.086475903212,19842.204853970386,19930.548866165507
19917.92071399783,21924.15627901967,19917.92071399783,19885.430948263922,19973.618736571167
19960.754952092448,21969.52280132086,19960.754952092448,19929.19661782618,20016.57531466456
20003.589190187067,22013.74004959567,20003.589190187067,19972.0051865848,20058.489505789454
20046.423428281687,22059.254133651164,20046.423428281687,20014.29986327636,20101.306655447173
20089.257666376307,22104.137568125927,20089.257666376307,20056.807053325796,20144.041215708687
20132.091904470926,22150.116762085898,20132.091904470926,20098.88749779402,20187.0315618301
20174.926142565542,22196.600257630456,20174.926142565542,20142.29093776141,20230.38761598091
20217.760380660162,22243.51510846008,20217.760380660162,20185.288321229218,20272.189643936992
20260.59461875478,22290.47814769628,20260.59461875478,20228.113631991568,20314.27970976435
20303.4288568494,22337.762269629395,20303.4288568494,20270.491420519356,20356.645709192202
20346.26309494402,22385.07345679739,20346.26309494402,20313.69770515511,20398.885831707034
20389.09733303864,22433.18957124488,20389.09733303864,20356.483287484134,20442.519003228397
20431.931571133257,22478.592722834986,20431.931571133257,20398.571984898965,20486.510580344053
20474.765809227876,22524.358921270865,20474.765809227876,20441.033417339433,20529.922831162057
20517.600047322496,22571.307129495275,20517.600047322496,20482.466551201287,20574.168920317803
20560.434285417115,22619.773592973295,20560.434285417115,20525.207914015118,20617.72524306002
20603.268523511735,22667.04221738373,20603.268523511735,20567.735515757584,20661.03000524157
20646.10276160635,22714.752917292433,20646.10276160635,20609.554447722665,20704.222167239088
20688.93699970097,22763.224541904165,20688.93699970097,20653.134023246883,20746.625283793375
20731.77123779559,22810.35523847175,20731.77123779559,20696.63403042845,20789.310436953303
20774.60547589021,22858.256445142386,20774.60547589021,20738.327127009004,20832.173044288153
20817.43971398483,22905.94235961689,20817.43971398483,20780.668248048103,20875.599345148792
20860.27395207945,22955.015621947372,20860.27395207945,20823.613672409057,20918.33629967842
20903.108190174065,23001.92887310941,20903.108190174065,20865.592415754825,20960.95505428716
20945.942428268685,23050.15836862524,20945.942428268685,20907.461669770884,21003.032461358234
20988.776666363305,23099.947883724206,20988.776666363305,20950.862173033325,21046.282762166404
21031.610904457924,23147.235137263266,21031.610904457924,20993.316000273262,21089.03297280538
21074.445142552544,23196.54287053638,21074.445142552544,21035.85167190975,21131.441583490247
21117.27938064716,23246.50730113968,21117.27938064716,21078.291842346556,21175.15566879978
21160.11361874178,23294.776761142108,21160.11361874178,21120.57391345567,21218.39784016547
21202.9478568364,23343.329685956964,21202.9478568364,21163.520133760456,21260.081529435764
21245.78209493102,23394.13791170705,21245.782094931015,21205.595724828137,21303.98326082543
21288.61633302564,23444.560916909613,21288.61633302564,21247.84961056187,21348.352046056134
21331.45057112026,23493.499638617788,21331.45057112026,21290.618016635646,21390.8630525105
21374.284809214874,23540.97076360271,21374.284809214874,21333.48420415637,21433.581163445426
21417.119047309494,23588.518865197348,21417.119047309494,21376.971782457156,21477.675972049452
21459.953285404114,23637.572226747223,21459.953285404114,21419.644767246176,21520.29407878964
21502.787523498733,23685.154224435122,21502.787523498733,21462.08495010401,21563.484390505797
21545.621761593353,23731.728540708842,21545.621761593353,21504.8139124952,21607.189359612355
21588.45599968797,23778.20065879338,21588.45599968797,21546.904980918796,21649.52737752636
21631.29023778259,23825.54501627564,21631.29023778259,21589.74212338477,21693.07533832537
21674.124475877208,23873.23756674701,21674.124475877208,21631.947931279487,21735.92976080015
21716.958713971828,23920.44928046636,21716.958713971828,21674.137764693263,21778.7552728026
21759.792952066447,23970.093483286157,21759.792952066447,21717.82547900053,21821.952517131213
21802.627190161067,24019.552416377206,21802.627190161067,21760.389555613805,21864.902402503245
21845.461428255683,24067.508606760402,21845.461428255683,21803.388661264482,21908.73548106567
21888.295666350303,24115.26188529425,21888.295666350303,21845.76938133096,21950.98884152205
21931.129904444922,24163.866111886524,21931.129904444922,21888.860387178367,21993.435957080157
